Mario0;Rossi0;mario0@email.com;password0
Mario1;Rossi1;mario1@email.com;password1
Mario2;Rossi2;mario2@email.com;password2
Mario3;Rossi3;mario3@email.com;password3
Mario4;Rossi4;mario4@email.com;password4
Mario5;Rossi5;mario5@email.com;password5
Mario6;Rossi6;mario6@email.com;password6
Mario7;Rossi7;mario7@email.com;password7
Mario8;Rossi8;mario8@email.com;password8
Mario9;Rossi9;mario9@email.com;password9
Mario10;Rossi10;mario10@email.com;password10
Mario11;Rossi11;mario11@email.com;password11
Mario12;Rossi12;mario12@email.com;password12
Mario13;Rossi13;mario13@email.com;password13
Mario14;Rossi14;mario14@email.com;password14
Mario15;Rossi15;mario15@email.com;password15
Mario16;Rossi16;mario16@email.com;password16
Mario17;Rossi17;mario17@email.com;password17
Mario18;Rossi18;mario18@email.com;password18
Mario19;Rossi19;mario19@email.com;password19
Mario20;Rossi20;mario20@email.com;password20
Mario21;Rossi21;mario21@email.com;password21
Mario22;Rossi22;mario22@email.com;password22
Mario23;Rossi23;mario23@email.com;password23
Mario24;Rossi24;mario24@email.com;password24
Mario25;Rossi25;mario25@email.com;password25
Mario26;Rossi26;mario26@email.com;password26
Mario27;Rossi27;mario27@email.com;password27
Mario28;Rossi28;mario28@email.com;password28
Mario29;Rossi29;mario29@email.com;password29
Mario30;Rossi30;mario30@email.com;password30
Mario31;Rossi31;mario31@email.com;password31
Mario32;Rossi32;mario32@email.com;password32
Mario33;Rossi33;mario33@email.com;password33
Mario34;Rossi34;mario34@email.com;password34
Mario35;Rossi35;mario35@email.com;password35
Mario36;Rossi36;mario36@email.com;password36
Mario37;Rossi37;mario37@email.com;password37
Mario38;Rossi38;mario38@email.com;password38
Mario39;Rossi39;mario39@email.com;password39
Mario40;Rossi40;mario40@email.com;password40
Mario41;Rossi41;mario41@email.com;password41
Mario42;Rossi42;mario42@email.com;password42
Mario43;Rossi43;mario43@email.com;password43
Mario44;Rossi44;mario44@email.com;password44
Mario45;Rossi45;mario45@email.com;password45
Mario46;Rossi46;mario46@email.com;password46
Mario47;Rossi47;mario47@email.com;password47
Mario48;Rossi48;mario48@email.com;password48
Mario49;Rossi49;mario49@email.com;password49
Mario50;Rossi50;mario50@email.com;password50
Mario51;Rossi51;mario51@email.com;password51
Mario52;Rossi52;mario52@email.com;password52
Mario53;Rossi53;mario53@email.com;password53
Mario54;Rossi54;mario54@email.com;password54
Mario55;Rossi55;mario55@email.com;password55
Mario56;Rossi56;mario56@email.com;password56
Mario57;Rossi57;mario57@email.com;password57
Mario58;Rossi58;mario58@email.com;password58
Mario59;Rossi59;mario59@email.com;password59
Mario60;Rossi60;mario60@email.com;password60
Mario61;Rossi61;mario61@email.com;password61
Mario62;Rossi62;mario62@email.com;password62
Mario63;Rossi63;mario63@email.com;password63
Mario64;Rossi64;mario64@email.com;password64
Mario65;Rossi65;mario65@email.com;password65
Mario66;Rossi66;mario66@email.com;password66
Mario67;Rossi67;mario67@email.com;password67
Mario68;Rossi68;mario68@email.com;password68
Mario69;Rossi69;mario69@email.com;password69
Mario70;Rossi70;mario70@email.com;password70
Mario71;Rossi71;mario71@email.com;password71
Mario72;Rossi72;mario72@email.com;password72
Mario73;Rossi73;mario73@email.com;password73
Mario74;Rossi74;mario74@email.com;password74
Mario75;Rossi75;mario75@email.com;password75
Mario76;Rossi76;mario76@email.com;password76
Mario77;Rossi77;mario77@email.com;password77
Mario78;Rossi78;mario78@email.com;password78
Mario79;Rossi79;mario79@email.com;password79
Mario80;Rossi80;mario80@email.com;password80
Mario81;Rossi81;mario81@email.com;password81
Mario82;Rossi82;mario82@email.com;password82
Mario83;Rossi83;mario83@email.com;password83
Mario84;Rossi84;mario84@email.com;password84
Mario85;Rossi85;mario85@email.com;password85
Mario86;Rossi86;mario86@email.com;password86
Mario87;Rossi87;mario87@email.com;password87
Mario88;Rossi88;mario88@email.com;password88
Mario89;Rossi89;mario89@email.com;password89
Mario90;Rossi90;mario90@email.com;password90
Mario91;Rossi91;mario91@email.com;password91
Mario92;Rossi92;mario92@email.com;password92
Mario93;Rossi93;mario93@email.com;password93
Mario94;Rossi94;mario94@email.com;password94
Mario95;Rossi95;mario95@email.com;password95
Mario96;Rossi96;mario96@email.com;password96
Mario97;Rossi97;mario97@email.com;password97
Mario98;Rossi98;mario98@email.com;password98
Mario99;Rossi99;mario99@email.com;password99
Mario100;Rossi100;mario100@email.com;password100
Mario101;Rossi101;mario101@email.com;password101
Mario102;Rossi102;mario102@email.com;password102
Mario103;Rossi103;mario103@email.com;password103
Mario104;Rossi104;mario104@email.com;password104
Mario105;Rossi105;mario105@email.com;password105
Mario106;Rossi106;mario106@email.com;password106
Mario107;Rossi107;mario107@email.com;password107
Mario108;Rossi108;mario108@email.com;password108
Mario109;Rossi109;mario109@email.com;password109
Mario110;Rossi110;mario110@email.com;password110
Mario111;Rossi111;mario111@email.com;password111
Mario112;Rossi112;mario112@email.com;password112
Mario113;Rossi113;mario113@email.com;password113
Mario114;Rossi114;mario114@email.com;password114
Mario115;Rossi115;mario115@email.com;password115
Mario116;Rossi116;mario116@email.com;password116
Mario117;Rossi117;mario117@email.com;password117
Mario118;Rossi118;mario118@email.com;password118
Mario119;Rossi119;mario119@email.com;password119
Mario120;Rossi120;mario120@email.com;password120
Mario121;Rossi121;mario121@email.com;password121
Mario122;Rossi122;mario122@email.com;password122
Mario123;Rossi123;mario123@email.com;password123
Mario124;Rossi124;mario124@email.com;password124
Mario125;Rossi125;mario125@email.com;password125
Mario126;Rossi126;mario126@email.com;password126
Mario127;Rossi127;mario127@email.com;password127
Mario128;Rossi128;mario128@email.com;password128
Mario129;Rossi129;mario129@email.com;password129
Mario130;Rossi130;mario130@email.com;password130
Mario131;Rossi131;mario131@email.com;password131
Mario132;Rossi132;mario132@email.com;password132
Mario133;Rossi133;mario133@email.com;password133
Mario134;Rossi134;mario134@email.com;password134
Mario135;Rossi135;mario135@email.com;password135
Mario136;Rossi136;mario136@email.com;password136
Mario137;Rossi137;mario137@email.com;password137
Mario138;Rossi138;mario138@email.com;password138
Mario139;Rossi139;mario139@email.com;password139
Mario140;Rossi140;mario140@email.com;password140
Mario141;Rossi141;mario141@email.com;password141
Mario142;Rossi142;mario142@email.com;password142
Mario143;Rossi143;mario143@email.com;password143
Mario144;Rossi144;mario144@email.com;password144
Mario145;Rossi145;mario145@email.com;password145
Mario146;Rossi146;mario146@email.com;password146
Mario147;Rossi147;mario147@email.com;password147
Mario148;Rossi148;mario148@email.com;password148
Mario149;Rossi149;mario149@email.com;password149
Mario150;Rossi150;mario150@email.com;password150
Mario151;Rossi151;mario151@email.com;password151
Mario152;Rossi152;mario152@email.com;password152
Mario153;Rossi153;mario153@email.com;password153
Mario154;Rossi154;mario154@email.com;password154
Mario155;Rossi155;mario155@email.com;password155
Mario156;Rossi156;mario156@email.com;password156
Mario157;Rossi157;mario157@email.com;password157
Mario158;Rossi158;mario158@email.com;password158
Mario159;Rossi159;mario159@email.com;password159
Mario160;Rossi160;mario160@email.com;password160
Mario161;Rossi161;mario161@email.com;password161
Mario162;Rossi162;mario162@email.com;password162
Mario163;Rossi163;mario163@email.com;password163
Mario164;Rossi164;mario164@email.com;password164
Mario165;Rossi165;mario165@email.com;password165
Mario166;Rossi166;mario166@email.com;password166
Mario167;Rossi167;mario167@email.com;password167
Mario168;Rossi168;mario168@email.com;password168
Mario169;Rossi169;mario169@email.com;password169
Mario170;Rossi170;mario170@email.com;password170
Mario171;Rossi171;mario171@email.com;password171
Mario172;Rossi172;mario172@email.com;password172
Mario173;Rossi173;mario173@email.com;password173
Mario174;Rossi174;mario174@email.com;password174
Mario175;Rossi175;mario175@email.com;password175
Mario176;Rossi176;mario176@email.com;password176
Mario177;Rossi177;mario177@email.com;password177
Mario178;Rossi178;mario178@email.com;password178
Mario179;Rossi179;mario179@email.com;password179
Mario180;Rossi180;mario180@email.com;password180
Mario181;Rossi181;mario181@email.com;password181
Mario182;Rossi182;mario182@email.com;password182
Mario183;Rossi183;mario183@email.com;password183
Mario184;Rossi184;mario184@email.com;password184
Mario185;Rossi185;mario185@email.com;password185
Mario186;Rossi186;mario186@email.com;password186
Mario187;Rossi187;mario187@email.com;password187
Mario188;Rossi188;mario188@email.com;password188
Mario189;Rossi189;mario189@email.com;password189
Mario190;Rossi190;mario190@email.com;password190
Mario191;Rossi191;mario191@email.com;password191
Mario192;Rossi192;mario192@email.com;password192
Mario193;Rossi193;mario193@email.com;password193
Mario194;Rossi194;mario194@email.com;password194
Mario195;Rossi195;mario195@email.com;password195
Mario196;Rossi196;mario196@email.com;password196
Mario197;Rossi197;mario197@email.com;password197
Mario198;Rossi198;mario198@email.com;password198
Mario199;Rossi199;mario199@email.com;password199
Mario200;Rossi200;mario200@email.com;password200
Mario201;Rossi201;mario201@email.com;password201
Mario202;Rossi202;mario202@email.com;password202
Mario203;Rossi203;mario203@email.com;password203
Mario204;Rossi204;mario204@email.com;password204
Mario205;Rossi205;mario205@email.com;password205
Mario206;Rossi206;mario206@email.com;password206
Mario207;Rossi207;mario207@email.com;password207
Mario208;Rossi208;mario208@email.com;password208
Mario209;Rossi209;mario209@email.com;password209
Mario210;Rossi210;mario210@email.com;password210
Mario211;Rossi211;mario211@email.com;password211
Mario212;Rossi212;mario212@email.com;password212
Mario213;Rossi213;mario213@email.com;password213
Mario214;Rossi214;mario214@email.com;password214
Mario215;Rossi215;mario215@email.com;password215
Mario216;Rossi216;mario216@email.com;password216
Mario217;Rossi217;mario217@email.com;password217
Mario218;Rossi218;mario218@email.com;password218
Mario219;Rossi219;mario219@email.com;password219
Mario220;Rossi220;mario220@email.com;password220
Mario221;Rossi221;mario221@email.com;password221
Mario222;Rossi222;mario222@email.com;password222
Mario223;Rossi223;mario223@email.com;password223
Mario224;Rossi224;mario224@email.com;password224
Mario225;Rossi225;mario225@email.com;password225
Mario226;Rossi226;mario226@email.com;password226
Mario227;Rossi227;mario227@email.com;password227
Mario228;Rossi228;mario228@email.com;password228
Mario229;Rossi229;mario229@email.com;password229
Mario230;Rossi230;mario230@email.com;password230
Mario231;Rossi231;mario231@email.com;password231
Mario232;Rossi232;mario232@email.com;password232
Mario233;Rossi233;mario233@email.com;password233
Mario234;Rossi234;mario234@email.com;password234
Mario235;Rossi235;mario235@email.com;password235
Mario236;Rossi236;mario236@email.com;password236
Mario237;Rossi237;mario237@email.com;password237
Mario238;Rossi238;mario238@email.com;password238
Mario239;Rossi239;mario239@email.com;password239
Mario240;Rossi240;mario240@email.com;password240
Mario241;Rossi241;mario241@email.com;password241
Mario242;Rossi242;mario242@email.com;password242
Mario243;Rossi243;mario243@email.com;password243
Mario244;Rossi244;mario244@email.com;password244
Mario245;Rossi245;mario245@email.com;password245
Mario246;Rossi246;mario246@email.com;password246
Mario247;Rossi247;mario247@email.com;password247
Mario248;Rossi248;mario248@email.com;password248
Mario249;Rossi249;mario249@email.com;password249
Mario250;Rossi250;mario250@email.com;password250
Mario251;Rossi251;mario251@email.com;password251
Mario252;Rossi252;mario252@email.com;password252
Mario253;Rossi253;mario253@email.com;password253
Mario254;Rossi254;mario254@email.com;password254
Mario255;Rossi255;mario255@email.com;password255
Mario256;Rossi256;mario256@email.com;password256
Mario257;Rossi257;mario257@email.com;password257
Mario258;Rossi258;mario258@email.com;password258
Mario259;Rossi259;mario259@email.com;password259
Mario260;Rossi260;mario260@email.com;password260
Mario261;Rossi261;mario261@email.com;password261
Mario262;Rossi262;mario262@email.com;password262
Mario263;Rossi263;mario263@email.com;password263
Mario264;Rossi264;mario264@email.com;password264
Mario265;Rossi265;mario265@email.com;password265
Mario266;Rossi266;mario266@email.com;password266
Mario267;Rossi267;mario267@email.com;password267
Mario268;Rossi268;mario268@email.com;password268
Mario269;Rossi269;mario269@email.com;password269
Mario270;Rossi270;mario270@email.com;password270
Mario271;Rossi271;mario271@email.com;password271
Mario272;Rossi272;mario272@email.com;password272
Mario273;Rossi273;mario273@email.com;password273
Mario274;Rossi274;mario274@email.com;password274
Mario275;Rossi275;mario275@email.com;password275
Mario276;Rossi276;mario276@email.com;password276
Mario277;Rossi277;mario277@email.com;password277
Mario278;Rossi278;mario278@email.com;password278
Mario279;Rossi279;mario279@email.com;password279
Mario280;Rossi280;mario280@email.com;password280
Mario281;Rossi281;mario281@email.com;password281
Mario282;Rossi282;mario282@email.com;password282
Mario283;Rossi283;mario283@email.com;password283
Mario284;Rossi284;mario284@email.com;password284
Mario285;Rossi285;mario285@email.com;password285
Mario286;Rossi286;mario286@email.com;password286
Mario287;Rossi287;mario287@email.com;password287
Mario288;Rossi288;mario288@email.com;password288
Mario289;Rossi289;mario289@email.com;password289
Mario290;Rossi290;mario290@email.com;password290
Mario291;Rossi291;mario291@email.com;password291
Mario292;Rossi292;mario292@email.com;password292
Mario293;Rossi293;mario293@email.com;password293
Mario294;Rossi294;mario294@email.com;password294
Mario295;Rossi295;mario295@email.com;password295
Mario296;Rossi296;mario296@email.com;password296
Mario297;Rossi297;mario297@email.com;password297
Mario298;Rossi298;mario298@email.com;password298
Mario299;Rossi299;mario299@email.com;password299
Mario300;Rossi300;mario300@email.com;password300
Mario301;Rossi301;mario301@email.com;password301
Mario302;Rossi302;mario302@email.com;password302
Mario303;Rossi303;mario303@email.com;password303
Mario304;Rossi304;mario304@email.com;password304
Mario305;Rossi305;mario305@email.com;password305
Mario306;Rossi306;mario306@email.com;password306
Mario307;Rossi307;mario307@email.com;password307
Mario308;Rossi308;mario308@email.com;password308
Mario309;Rossi309;mario309@email.com;password309
Mario310;Rossi310;mario310@email.com;password310
Mario311;Rossi311;mario311@email.com;password311
Mario312;Rossi312;mario312@email.com;password312
Mario313;Rossi313;mario313@email.com;password313
Mario314;Rossi314;mario314@email.com;password314
Mario315;Rossi315;mario315@email.com;password315
Mario316;Rossi316;mario316@email.com;password316
Mario317;Rossi317;mario317@email.com;password317
Mario318;Rossi318;mario318@email.com;password318
Mario319;Rossi319;mario319@email.com;password319
Mario320;Rossi320;mario320@email.com;password320
Mario321;Rossi321;mario321@email.com;password321
Mario322;Rossi322;mario322@email.com;password322
Mario323;Rossi323;mario323@email.com;password323
Mario324;Rossi324;mario324@email.com;password324
Mario325;Rossi325;mario325@email.com;password325
Mario326;Rossi326;mario326@email.com;password326
Mario327;Rossi327;mario327@email.com;password327
Mario328;Rossi328;mario328@email.com;password328
Mario329;Rossi329;mario329@email.com;password329
Mario330;Rossi330;mario330@email.com;password330
Mario331;Rossi331;mario331@email.com;password331
Mario332;Rossi332;mario332@email.com;password332
Mario333;Rossi333;mario333@email.com;password333
Mario334;Rossi334;mario334@email.com;password334
Mario335;Rossi335;mario335@email.com;password335
Mario336;Rossi336;mario336@email.com;password336
Mario337;Rossi337;mario337@email.com;password337
Mario338;Rossi338;mario338@email.com;password338
Mario339;Rossi339;mario339@email.com;password339
Mario340;Rossi340;mario340@email.com;password340
Mario341;Rossi341;mario341@email.com;password341
Mario342;Rossi342;mario342@email.com;password342
Mario343;Rossi343;mario343@email.com;password343
Mario344;Rossi344;mario344@email.com;password344
Mario345;Rossi345;mario345@email.com;password345
Mario346;Rossi346;mario346@email.com;password346
Mario347;Rossi347;mario347@email.com;password347
Mario348;Rossi348;mario348@email.com;password348
Mario349;Rossi349;mario349@email.com;password349
Mario350;Rossi350;mario350@email.com;password350
Mario351;Rossi351;mario351@email.com;password351
Mario352;Rossi352;mario352@email.com;password352
Mario353;Rossi353;mario353@email.com;password353
Mario354;Rossi354;mario354@email.com;password354
Mario355;Rossi355;mario355@email.com;password355
Mario356;Rossi356;mario356@email.com;password356
Mario357;Rossi357;mario357@email.com;password357
Mario358;Rossi358;mario358@email.com;password358
Mario359;Rossi359;mario359@email.com;password359
Mario360;Rossi360;mario360@email.com;password360
Mario361;Rossi361;mario361@email.com;password361
Mario362;Rossi362;mario362@email.com;password362
Mario363;Rossi363;mario363@email.com;password363
Mario364;Rossi364;mario364@email.com;password364
Mario365;Rossi365;mario365@email.com;password365
Mario366;Rossi366;mario366@email.com;password366
Mario367;Rossi367;mario367@email.com;password367
Mario368;Rossi368;mario368@email.com;password368
Mario369;Rossi369;mario369@email.com;password369
Mario370;Rossi370;mario370@email.com;password370
Mario371;Rossi371;mario371@email.com;password371
Mario372;Rossi372;mario372@email.com;password372
Mario373;Rossi373;mario373@email.com;password373
Mario374;Rossi374;mario374@email.com;password374
Mario375;Rossi375;mario375@email.com;password375
Mario376;Rossi376;mario376@email.com;password376
Mario377;Rossi377;mario377@email.com;password377
Mario378;Rossi378;mario378@email.com;password378
Mario379;Rossi379;mario379@email.com;password379
Mario380;Rossi380;mario380@email.com;password380
Mario381;Rossi381;mario381@email.com;password381
Mario382;Rossi382;mario382@email.com;password382
Mario383;Rossi383;mario383@email.com;password383
Mario384;Rossi384;mario384@email.com;password384
Mario385;Rossi385;mario385@email.com;password385
Mario386;Rossi386;mario386@email.com;password386
Mario387;Rossi387;mario387@email.com;password387
Mario388;Rossi388;mario388@email.com;password388
Mario389;Rossi389;mario389@email.com;password389
Mario390;Rossi390;mario390@email.com;password390
Mario391;Rossi391;mario391@email.com;password391
Mario392;Rossi392;mario392@email.com;password392
Mario393;Rossi393;mario393@email.com;password393
Mario394;Rossi394;mario394@email.com;password394
Mario395;Rossi395;mario395@email.com;password395
Mario396;Rossi396;mario396@email.com;password396
Mario397;Rossi397;mario397@email.com;password397
Mario398;Rossi398;mario398@email.com;password398
Mario399;Rossi399;mario399@email.com;password399
Mario400;Rossi400;mario400@email.com;password400
Mario401;Rossi401;mario401@email.com;password401
Mario402;Rossi402;mario402@email.com;password402
Mario403;Rossi403;mario403@email.com;password403
Mario404;Rossi404;mario404@email.com;password404
Mario405;Rossi405;mario405@email.com;password405
Mario406;Rossi406;mario406@email.com;password406
Mario407;Rossi407;mario407@email.com;password407
Mario408;Rossi408;mario408@email.com;password408
Mario409;Rossi409;mario409@email.com;password409
Mario410;Rossi410;mario410@email.com;password410
Mario411;Rossi411;mario411@email.com;password411
Mario412;Rossi412;mario412@email.com;password412
Mario413;Rossi413;mario413@email.com;password413
Mario414;Rossi414;mario414@email.com;password414
Mario415;Rossi415;mario415@email.com;password415
Mario416;Rossi416;mario416@email.com;password416
Mario417;Rossi417;mario417@email.com;password417
Mario418;Rossi418;mario418@email.com;password418
Mario419;Rossi419;mario419@email.com;password419
Mario420;Rossi420;mario420@email.com;password420
Mario421;Rossi421;mario421@email.com;password421
Mario422;Rossi422;mario422@email.com;password422
Mario423;Rossi423;mario423@email.com;password423
Mario424;Rossi424;mario424@email.com;password424
Mario425;Rossi425;mario425@email.com;password425
Mario426;Rossi426;mario426@email.com;password426
Mario427;Rossi427;mario427@email.com;password427
Mario428;Rossi428;mario428@email.com;password428
Mario429;Rossi429;mario429@email.com;password429
Mario430;Rossi430;mario430@email.com;password430
Mario431;Rossi431;mario431@email.com;password431
Mario432;Rossi432;mario432@email.com;password432
Mario433;Rossi433;mario433@email.com;password433
Mario434;Rossi434;mario434@email.com;password434
Mario435;Rossi435;mario435@email.com;password435
Mario436;Rossi436;mario436@email.com;password436
Mario437;Rossi437;mario437@email.com;password437
Mario438;Rossi438;mario438@email.com;password438
Mario439;Rossi439;mario439@email.com;password439
Mario440;Rossi440;mario440@email.com;password440
Mario441;Rossi441;mario441@email.com;password441
Mario442;Rossi442;mario442@email.com;password442
Mario443;Rossi443;mario443@email.com;password443
Mario444;Rossi444;mario444@email.com;password444
Mario445;Rossi445;mario445@email.com;password445
Mario446;Rossi446;mario446@email.com;password446
Mario447;Rossi447;mario447@email.com;password447
Mario448;Rossi448;mario448@email.com;password448
Mario449;Rossi449;mario449@email.com;password449
Mario450;Rossi450;mario450@email.com;password450
Mario451;Rossi451;mario451@email.com;password451
Mario452;Rossi452;mario452@email.com;password452
Mario453;Rossi453;mario453@email.com;password453
Mario454;Rossi454;mario454@email.com;password454
Mario455;Rossi455;mario455@email.com;password455
Mario456;Rossi456;mario456@email.com;password456
Mario457;Rossi457;mario457@email.com;password457
Mario458;Rossi458;mario458@email.com;password458
Mario459;Rossi459;mario459@email.com;password459
Mario460;Rossi460;mario460@email.com;password460
Mario461;Rossi461;mario461@email.com;password461
Mario462;Rossi462;mario462@email.com;password462
Mario463;Rossi463;mario463@email.com;password463
Mario464;Rossi464;mario464@email.com;password464
Mario465;Rossi465;mario465@email.com;password465
Mario466;Rossi466;mario466@email.com;password466
Mario467;Rossi467;mario467@email.com;password467
Mario468;Rossi468;mario468@email.com;password468
Mario469;Rossi469;mario469@email.com;password469
Mario470;Rossi470;mario470@email.com;password470
Mario471;Rossi471;mario471@email.com;password471
Mario472;Rossi472;mario472@email.com;password472
Mario473;Rossi473;mario473@email.com;password473
Mario474;Rossi474;mario474@email.com;password474
Mario475;Rossi475;mario475@email.com;password475
Mario476;Rossi476;mario476@email.com;password476
Mario477;Rossi477;mario477@email.com;password477
Mario478;Rossi478;mario478@email.com;password478
Mario479;Rossi479;mario479@email.com;password479
Mario480;Rossi480;mario480@email.com;password480
Mario481;Rossi481;mario481@email.com;password481
Mario482;Rossi482;mario482@email.com;password482
Mario483;Rossi483;mario483@email.com;password483
Mario484;Rossi484;mario484@email.com;password484
Mario485;Rossi485;mario485@email.com;password485
Mario486;Rossi486;mario486@email.com;password486
Mario487;Rossi487;mario487@email.com;password487
Mario488;Rossi488;mario488@email.com;password488
Mario489;Rossi489;mario489@email.com;password489
Mario490;Rossi490;mario490@email.com;password490
Mario491;Rossi491;mario491@email.com;password491
Mario492;Rossi492;mario492@email.com;password492
Mario493;Rossi493;mario493@email.com;password493
Mario494;Rossi494;mario494@email.com;password494
Mario495;Rossi495;mario495@email.com;password495
Mario496;Rossi496;mario496@email.com;password496
Mario497;Rossi497;mario497@email.com;password497
Mario498;Rossi498;mario498@email.com;password498
Mario499;Rossi499;mario499@email.com;password499
Mario500;Rossi500;mario500@email.com;password500
Mario501;Rossi501;mario501@email.com;password501
Mario502;Rossi502;mario502@email.com;password502
Mario503;Rossi503;mario503@email.com;password503
Mario504;Rossi504;mario504@email.com;password504
Mario505;Rossi505;mario505@email.com;password505
Mario506;Rossi506;mario506@email.com;password506
Mario507;Rossi507;mario507@email.com;password507
Mario508;Rossi508;mario508@email.com;password508
Mario509;Rossi509;mario509@email.com;password509
Mario510;Rossi510;mario510@email.com;password510
Mario511;Rossi511;mario511@email.com;password511
Mario512;Rossi512;mario512@email.com;password512
Mario513;Rossi513;mario513@email.com;password513
Mario514;Rossi514;mario514@email.com;password514
Mario515;Rossi515;mario515@email.com;password515
Mario516;Rossi516;mario516@email.com;password516
Mario517;Rossi517;mario517@email.com;password517
Mario518;Rossi518;mario518@email.com;password518
Mario519;Rossi519;mario519@email.com;password519
Mario520;Rossi520;mario520@email.com;password520
Mario521;Rossi521;mario521@email.com;password521
Mario522;Rossi522;mario522@email.com;password522
Mario523;Rossi523;mario523@email.com;password523
Mario524;Rossi524;mario524@email.com;password524
Mario525;Rossi525;mario525@email.com;password525
Mario526;Rossi526;mario526@email.com;password526
Mario527;Rossi527;mario527@email.com;password527
Mario528;Rossi528;mario528@email.com;password528
Mario529;Rossi529;mario529@email.com;password529
Mario530;Rossi530;mario530@email.com;password530
Mario531;Rossi531;mario531@email.com;password531
Mario532;Rossi532;mario532@email.com;password532
Mario533;Rossi533;mario533@email.com;password533
Mario534;Rossi534;mario534@email.com;password534
Mario535;Rossi535;mario535@email.com;password535
Mario536;Rossi536;mario536@email.com;password536
Mario537;Rossi537;mario537@email.com;password537
Mario538;Rossi538;mario538@email.com;password538
Mario539;Rossi539;mario539@email.com;password539
Mario540;Rossi540;mario540@email.com;password540
Mario541;Rossi541;mario541@email.com;password541
Mario542;Rossi542;mario542@email.com;password542
Mario543;Rossi543;mario543@email.com;password543
Mario544;Rossi544;mario544@email.com;password544
Mario545;Rossi545;mario545@email.com;password545
Mario546;Rossi546;mario546@email.com;password546
Mario547;Rossi547;mario547@email.com;password547
Mario548;Rossi548;mario548@email.com;password548
Mario549;Rossi549;mario549@email.com;password549
Mario550;Rossi550;mario550@email.com;password550
Mario551;Rossi551;mario551@email.com;password551
Mario552;Rossi552;mario552@email.com;password552
Mario553;Rossi553;mario553@email.com;password553
Mario554;Rossi554;mario554@email.com;password554
Mario555;Rossi555;mario555@email.com;password555
Mario556;Rossi556;mario556@email.com;password556
Mario557;Rossi557;mario557@email.com;password557
Mario558;Rossi558;mario558@email.com;password558
Mario559;Rossi559;mario559@email.com;password559
Mario560;Rossi560;mario560@email.com;password560
Mario561;Rossi561;mario561@email.com;password561
Mario562;Rossi562;mario562@email.com;password562
Mario563;Rossi563;mario563@email.com;password563
Mario564;Rossi564;mario564@email.com;password564
Mario565;Rossi565;mario565@email.com;password565
Mario566;Rossi566;mario566@email.com;password566
Mario567;Rossi567;mario567@email.com;password567
Mario568;Rossi568;mario568@email.com;password568
Mario569;Rossi569;mario569@email.com;password569
Mario570;Rossi570;mario570@email.com;password570
Mario571;Rossi571;mario571@email.com;password571
Mario572;Rossi572;mario572@email.com;password572
Mario573;Rossi573;mario573@email.com;password573
Mario574;Rossi574;mario574@email.com;password574
Mario575;Rossi575;mario575@email.com;password575
Mario576;Rossi576;mario576@email.com;password576
Mario577;Rossi577;mario577@email.com;password577
Mario578;Rossi578;mario578@email.com;password578
Mario579;Rossi579;mario579@email.com;password579
Mario580;Rossi580;mario580@email.com;password580
Mario581;Rossi581;mario581@email.com;password581
Mario582;Rossi582;mario582@email.com;password582
Mario583;Rossi583;mario583@email.com;password583
Mario584;Rossi584;mario584@email.com;password584
Mario585;Rossi585;mario585@email.com;password585
Mario586;Rossi586;mario586@email.com;password586
Mario587;Rossi587;mario587@email.com;password587
Mario588;Rossi588;mario588@email.com;password588
Mario589;Rossi589;mario589@email.com;password589
Mario590;Rossi590;mario590@email.com;password590
Mario591;Rossi591;mario591@email.com;password591
Mario592;Rossi592;mario592@email.com;password592
Mario593;Rossi593;mario593@email.com;password593
Mario594;Rossi594;mario594@email.com;password594
Mario595;Rossi595;mario595@email.com;password595
Mario596;Rossi596;mario596@email.com;password596
Mario597;Rossi597;mario597@email.com;password597
Mario598;Rossi598;mario598@email.com;password598
Mario599;Rossi599;mario599@email.com;password599
Mario600;Rossi600;mario600@email.com;password600
Mario601;Rossi601;mario601@email.com;password601
Mario602;Rossi602;mario602@email.com;password602
Mario603;Rossi603;mario603@email.com;password603
Mario604;Rossi604;mario604@email.com;password604
Mario605;Rossi605;mario605@email.com;password605
Mario606;Rossi606;mario606@email.com;password606
Mario607;Rossi607;mario607@email.com;password607
Mario608;Rossi608;mario608@email.com;password608
Mario609;Rossi609;mario609@email.com;password609
Mario610;Rossi610;mario610@email.com;password610
Mario611;Rossi611;mario611@email.com;password611
Mario612;Rossi612;mario612@email.com;password612
Mario613;Rossi613;mario613@email.com;password613
Mario614;Rossi614;mario614@email.com;password614
Mario615;Rossi615;mario615@email.com;password615
Mario616;Rossi616;mario616@email.com;password616
Mario617;Rossi617;mario617@email.com;password617
Mario618;Rossi618;mario618@email.com;password618
Mario619;Rossi619;mario619@email.com;password619
Mario620;Rossi620;mario620@email.com;password620
Mario621;Rossi621;mario621@email.com;password621
Mario622;Rossi622;mario622@email.com;password622
Mario623;Rossi623;mario623@email.com;password623
Mario624;Rossi624;mario624@email.com;password624
Mario625;Rossi625;mario625@email.com;password625
Mario626;Rossi626;mario626@email.com;password626
Mario627;Rossi627;mario627@email.com;password627
Mario628;Rossi628;mario628@email.com;password628
Mario629;Rossi629;mario629@email.com;password629
Mario630;Rossi630;mario630@email.com;password630
Mario631;Rossi631;mario631@email.com;password631
Mario632;Rossi632;mario632@email.com;password632
Mario633;Rossi633;mario633@email.com;password633
Mario634;Rossi634;mario634@email.com;password634
Mario635;Rossi635;mario635@email.com;password635
Mario636;Rossi636;mario636@email.com;password636
Mario637;Rossi637;mario637@email.com;password637
Mario638;Rossi638;mario638@email.com;password638
Mario639;Rossi639;mario639@email.com;password639
Mario640;Rossi640;mario640@email.com;password640
Mario641;Rossi641;mario641@email.com;password641
Mario642;Rossi642;mario642@email.com;password642
Mario643;Rossi643;mario643@email.com;password643
Mario644;Rossi644;mario644@email.com;password644
Mario645;Rossi645;mario645@email.com;password645
Mario646;Rossi646;mario646@email.com;password646
Mario647;Rossi647;mario647@email.com;password647
Mario648;Rossi648;mario648@email.com;password648
Mario649;Rossi649;mario649@email.com;password649
Mario650;Rossi650;mario650@email.com;password650
Mario651;Rossi651;mario651@email.com;password651
Mario652;Rossi652;mario652@email.com;password652
Mario653;Rossi653;mario653@email.com;password653
Mario654;Rossi654;mario654@email.com;password654
Mario655;Rossi655;mario655@email.com;password655
Mario656;Rossi656;mario656@email.com;password656
Mario657;Rossi657;mario657@email.com;password657
Mario658;Rossi658;mario658@email.com;password658
Mario659;Rossi659;mario659@email.com;password659
Mario660;Rossi660;mario660@email.com;password660
Mario661;Rossi661;mario661@email.com;password661
Mario662;Rossi662;mario662@email.com;password662
Mario663;Rossi663;mario663@email.com;password663
Mario664;Rossi664;mario664@email.com;password664
Mario665;Rossi665;mario665@email.com;password665
Mario666;Rossi666;mario666@email.com;password666
Mario667;Rossi667;mario667@email.com;password667
Mario668;Rossi668;mario668@email.com;password668
Mario669;Rossi669;mario669@email.com;password669
Mario670;Rossi670;mario670@email.com;password670
Mario671;Rossi671;mario671@email.com;password671
Mario672;Rossi672;mario672@email.com;password672
Mario673;Rossi673;mario673@email.com;password673
Mario674;Rossi674;mario674@email.com;password674
Mario675;Rossi675;mario675@email.com;password675
Mario676;Rossi676;mario676@email.com;password676
Mario677;Rossi677;mario677@email.com;password677
Mario678;Rossi678;mario678@email.com;password678
Mario679;Rossi679;mario679@email.com;password679
Mario680;Rossi680;mario680@email.com;password680
Mario681;Rossi681;mario681@email.com;password681
Mario682;Rossi682;mario682@email.com;password682
Mario683;Rossi683;mario683@email.com;password683
Mario684;Rossi684;mario684@email.com;password684
Mario685;Rossi685;mario685@email.com;password685
Mario686;Rossi686;mario686@email.com;password686
Mario687;Rossi687;mario687@email.com;password687
Mario688;Rossi688;mario688@email.com;password688
Mario689;Rossi689;mario689@email.com;password689
Mario690;Rossi690;mario690@email.com;password690
Mario691;Rossi691;mario691@email.com;password691
Mario692;Rossi692;mario692@email.com;password692
Mario693;Rossi693;mario693@email.com;password693
Mario694;Rossi694;mario694@email.com;password694
Mario695;Rossi695;mario695@email.com;password695
Mario696;Rossi696;mario696@email.com;password696
Mario697;Rossi697;mario697@email.com;password697
Mario698;Rossi698;mario698@email.com;password698
Mario699;Rossi699;mario699@email.com;password699
Mario700;Rossi700;mario700@email.com;password700
Mario701;Rossi701;mario701@email.com;password701
Mario702;Rossi702;mario702@email.com;password702
Mario703;Rossi703;mario703@email.com;password703
Mario704;Rossi704;mario704@email.com;password704
Mario705;Rossi705;mario705@email.com;password705
Mario706;Rossi706;mario706@email.com;password706
Mario707;Rossi707;mario707@email.com;password707
Mario708;Rossi708;mario708@email.com;password708
Mario709;Rossi709;mario709@email.com;password709
Mario710;Rossi710;mario710@email.com;password710
Mario711;Rossi711;mario711@email.com;password711
Mario712;Rossi712;mario712@email.com;password712
Mario713;Rossi713;mario713@email.com;password713
Mario714;Rossi714;mario714@email.com;password714
Mario715;Rossi715;mario715@email.com;password715
Mario716;Rossi716;mario716@email.com;password716
Mario717;Rossi717;mario717@email.com;password717
Mario718;Rossi718;mario718@email.com;password718
Mario719;Rossi719;mario719@email.com;password719
Mario720;Rossi720;mario720@email.com;password720
Mario721;Rossi721;mario721@email.com;password721
Mario722;Rossi722;mario722@email.com;password722
Mario723;Rossi723;mario723@email.com;password723
Mario724;Rossi724;mario724@email.com;password724
Mario725;Rossi725;mario725@email.com;password725
Mario726;Rossi726;mario726@email.com;password726
Mario727;Rossi727;mario727@email.com;password727
Mario728;Rossi728;mario728@email.com;password728
Mario729;Rossi729;mario729@email.com;password729
Mario730;Rossi730;mario730@email.com;password730
Mario731;Rossi731;mario731@email.com;password731
Mario732;Rossi732;mario732@email.com;password732
Mario733;Rossi733;mario733@email.com;password733
Mario734;Rossi734;mario734@email.com;password734
Mario735;Rossi735;mario735@email.com;password735
Mario736;Rossi736;mario736@email.com;password736
Mario737;Rossi737;mario737@email.com;password737
Mario738;Rossi738;mario738@email.com;password738
Mario739;Rossi739;mario739@email.com;password739
Mario740;Rossi740;mario740@email.com;password740
Mario741;Rossi741;mario741@email.com;password741
Mario742;Rossi742;mario742@email.com;password742
Mario743;Rossi743;mario743@email.com;password743
Mario744;Rossi744;mario744@email.com;password744
Mario745;Rossi745;mario745@email.com;password745
Mario746;Rossi746;mario746@email.com;password746
Mario747;Rossi747;mario747@email.com;password747
Mario748;Rossi748;mario748@email.com;password748
Mario749;Rossi749;mario749@email.com;password749
Mario750;Rossi750;mario750@email.com;password750
Mario751;Rossi751;mario751@email.com;password751
Mario752;Rossi752;mario752@email.com;password752
Mario753;Rossi753;mario753@email.com;password753
Mario754;Rossi754;mario754@email.com;password754
Mario755;Rossi755;mario755@email.com;password755
Mario756;Rossi756;mario756@email.com;password756
Mario757;Rossi757;mario757@email.com;password757
Mario758;Rossi758;mario758@email.com;password758
Mario759;Rossi759;mario759@email.com;password759
Mario760;Rossi760;mario760@email.com;password760
Mario761;Rossi761;mario761@email.com;password761
Mario762;Rossi762;mario762@email.com;password762
Mario763;Rossi763;mario763@email.com;password763
Mario764;Rossi764;mario764@email.com;password764
Mario765;Rossi765;mario765@email.com;password765
Mario766;Rossi766;mario766@email.com;password766
Mario767;Rossi767;mario767@email.com;password767
Mario768;Rossi768;mario768@email.com;password768
Mario769;Rossi769;mario769@email.com;password769
Mario770;Rossi770;mario770@email.com;password770
Mario771;Rossi771;mario771@email.com;password771
Mario772;Rossi772;mario772@email.com;password772
Mario773;Rossi773;mario773@email.com;password773
Mario774;Rossi774;mario774@email.com;password774
Mario775;Rossi775;mario775@email.com;password775
Mario776;Rossi776;mario776@email.com;password776
Mario777;Rossi777;mario777@email.com;password777
Mario778;Rossi778;mario778@email.com;password778
Mario779;Rossi779;mario779@email.com;password779
Mario780;Rossi780;mario780@email.com;password780
Mario781;Rossi781;mario781@email.com;password781
Mario782;Rossi782;mario782@email.com;password782
Mario783;Rossi783;mario783@email.com;password783
Mario784;Rossi784;mario784@email.com;password784
Mario785;Rossi785;mario785@email.com;password785
Mario786;Rossi786;mario786@email.com;password786
Mario787;Rossi787;mario787@email.com;password787
Mario788;Rossi788;mario788@email.com;password788
Mario789;Rossi789;mario789@email.com;password789
Mario790;Rossi790;mario790@email.com;password790
Mario791;Rossi791;mario791@email.com;password791
Mario792;Rossi792;mario792@email.com;password792
Mario793;Rossi793;mario793@email.com;password793
Mario794;Rossi794;mario794@email.com;password794
Mario795;Rossi795;mario795@email.com;password795
Mario796;Rossi796;mario796@email.com;password796
Mario797;Rossi797;mario797@email.com;password797
Mario798;Rossi798;mario798@email.com;password798
Mario799;Rossi799;mario799@email.com;password799
Mario800;Rossi800;mario800@email.com;password800
Mario801;Rossi801;mario801@email.com;password801
Mario802;Rossi802;mario802@email.com;password802
Mario803;Rossi803;mario803@email.com;password803
Mario804;Rossi804;mario804@email.com;password804
Mario805;Rossi805;mario805@email.com;password805
Mario806;Rossi806;mario806@email.com;password806
Mario807;Rossi807;mario807@email.com;password807
Mario808;Rossi808;mario808@email.com;password808
Mario809;Rossi809;mario809@email.com;password809
Mario810;Rossi810;mario810@email.com;password810
Mario811;Rossi811;mario811@email.com;password811
Mario812;Rossi812;mario812@email.com;password812
Mario813;Rossi813;mario813@email.com;password813
Mario814;Rossi814;mario814@email.com;password814
Mario815;Rossi815;mario815@email.com;password815
Mario816;Rossi816;mario816@email.com;password816
Mario817;Rossi817;mario817@email.com;password817
Mario818;Rossi818;mario818@email.com;password818
Mario819;Rossi819;mario819@email.com;password819
Mario820;Rossi820;mario820@email.com;password820
Mario821;Rossi821;mario821@email.com;password821
Mario822;Rossi822;mario822@email.com;password822
Mario823;Rossi823;mario823@email.com;password823
Mario824;Rossi824;mario824@email.com;password824
Mario825;Rossi825;mario825@email.com;password825
Mario826;Rossi826;mario826@email.com;password826
Mario827;Rossi827;mario827@email.com;password827
Mario828;Rossi828;mario828@email.com;password828
Mario829;Rossi829;mario829@email.com;password829
Mario830;Rossi830;mario830@email.com;password830
Mario831;Rossi831;mario831@email.com;password831
Mario832;Rossi832;mario832@email.com;password832
Mario833;Rossi833;mario833@email.com;password833
Mario834;Rossi834;mario834@email.com;password834
Mario835;Rossi835;mario835@email.com;password835
Mario836;Rossi836;mario836@email.com;password836
Mario837;Rossi837;mario837@email.com;password837
Mario838;Rossi838;mario838@email.com;password838
Mario839;Rossi839;mario839@email.com;password839
Mario840;Rossi840;mario840@email.com;password840
Mario841;Rossi841;mario841@email.com;password841
Mario842;Rossi842;mario842@email.com;password842
Mario843;Rossi843;mario843@email.com;password843
Mario844;Rossi844;mario844@email.com;password844
Mario845;Rossi845;mario845@email.com;password845
Mario846;Rossi846;mario846@email.com;password846
Mario847;Rossi847;mario847@email.com;password847
Mario848;Rossi848;mario848@email.com;password848
Mario849;Rossi849;mario849@email.com;password849
Mario850;Rossi850;mario850@email.com;password850
Mario851;Rossi851;mario851@email.com;password851
Mario852;Rossi852;mario852@email.com;password852
Mario853;Rossi853;mario853@email.com;password853
Mario854;Rossi854;mario854@email.com;password854
Mario855;Rossi855;mario855@email.com;password855
Mario856;Rossi856;mario856@email.com;password856
Mario857;Rossi857;mario857@email.com;password857
Mario858;Rossi858;mario858@email.com;password858
Mario859;Rossi859;mario859@email.com;password859
Mario860;Rossi860;mario860@email.com;password860
Mario861;Rossi861;mario861@email.com;password861
Mario862;Rossi862;mario862@email.com;password862
Mario863;Rossi863;mario863@email.com;password863
Mario864;Rossi864;mario864@email.com;password864
Mario865;Rossi865;mario865@email.com;password865
Mario866;Rossi866;mario866@email.com;password866
Mario867;Rossi867;mario867@email.com;password867
Mario868;Rossi868;mario868@email.com;password868
Mario869;Rossi869;mario869@email.com;password869
Mario870;Rossi870;mario870@email.com;password870
Mario871;Rossi871;mario871@email.com;password871
Mario872;Rossi872;mario872@email.com;password872
Mario873;Rossi873;mario873@email.com;password873
Mario874;Rossi874;mario874@email.com;password874
Mario875;Rossi875;mario875@email.com;password875
Mario876;Rossi876;mario876@email.com;password876
Mario877;Rossi877;mario877@email.com;password877
Mario878;Rossi878;mario878@email.com;password878
Mario879;Rossi879;mario879@email.com;password879
Mario880;Rossi880;mario880@email.com;password880
Mario881;Rossi881;mario881@email.com;password881
Mario882;Rossi882;mario882@email.com;password882
Mario883;Rossi883;mario883@email.com;password883
Mario884;Rossi884;mario884@email.com;password884
Mario885;Rossi885;mario885@email.com;password885
Mario886;Rossi886;mario886@email.com;password886
Mario887;Rossi887;mario887@email.com;password887
Mario888;Rossi888;mario888@email.com;password888
Mario889;Rossi889;mario889@email.com;password889
Mario890;Rossi890;mario890@email.com;password890
Mario891;Rossi891;mario891@email.com;password891
Mario892;Rossi892;mario892@email.com;password892
Mario893;Rossi893;mario893@email.com;password893
Mario894;Rossi894;mario894@email.com;password894
Mario895;Rossi895;mario895@email.com;password895
Mario896;Rossi896;mario896@email.com;password896
Mario897;Rossi897;mario897@email.com;password897
Mario898;Rossi898;mario898@email.com;password898
Mario899;Rossi899;mario899@email.com;password899
Mario900;Rossi900;mario900@email.com;password900
Mario901;Rossi901;mario901@email.com;password901
Mario902;Rossi902;mario902@email.com;password902
Mario903;Rossi903;mario903@email.com;password903
Mario904;Rossi904;mario904@email.com;password904
Mario905;Rossi905;mario905@email.com;password905
Mario906;Rossi906;mario906@email.com;password906
Mario907;Rossi907;mario907@email.com;password907
Mario908;Rossi908;mario908@email.com;password908
Mario909;Rossi909;mario909@email.com;password909
Mario910;Rossi910;mario910@email.com;password910
Mario911;Rossi911;mario911@email.com;password911
Mario912;Rossi912;mario912@email.com;password912
Mario913;Rossi913;mario913@email.com;password913
Mario914;Rossi914;mario914@email.com;password914
Mario915;Rossi915;mario915@email.com;password915
Mario916;Rossi916;mario916@email.com;password916
Mario917;Rossi917;mario917@email.com;password917
Mario918;Rossi918;mario918@email.com;password918
Mario919;Rossi919;mario919@email.com;password919
Mario920;Rossi920;mario920@email.com;password920
Mario921;Rossi921;mario921@email.com;password921
Mario922;Rossi922;mario922@email.com;password922
Mario923;Rossi923;mario923@email.com;password923
Mario924;Rossi924;mario924@email.com;password924
Mario925;Rossi925;mario925@email.com;password925
Mario926;Rossi926;mario926@email.com;password926
Mario927;Rossi927;mario927@email.com;password927
Mario928;Rossi928;mario928@email.com;password928
Mario929;Rossi929;mario929@email.com;password929
Mario930;Rossi930;mario930@email.com;password930
Mario931;Rossi931;mario931@email.com;password931
Mario932;Rossi932;mario932@email.com;password932
Mario933;Rossi933;mario933@email.com;password933
Mario934;Rossi934;mario934@email.com;password934
Mario935;Rossi935;mario935@email.com;password935
Mario936;Rossi936;mario936@email.com;password936
Mario937;Rossi937;mario937@email.com;password937
Mario938;Rossi938;mario938@email.com;password938
Mario939;Rossi939;mario939@email.com;password939
Mario940;Rossi940;mario940@email.com;password940
Mario941;Rossi941;mario941@email.com;password941
Mario942;Rossi942;mario942@email.com;password942
Mario943;Rossi943;mario943@email.com;password943
Mario944;Rossi944;mario944@email.com;password944
Mario945;Rossi945;mario945@email.com;password945
Mario946;Rossi946;mario946@email.com;password946
Mario947;Rossi947;mario947@email.com;password947
Mario948;Rossi948;mario948@email.com;password948
Mario949;Rossi949;mario949@email.com;password949
Mario950;Rossi950;mario950@email.com;password950
Mario951;Rossi951;mario951@email.com;password951
Mario952;Rossi952;mario952@email.com;password952
Mario953;Rossi953;mario953@email.com;password953
Mario954;Rossi954;mario954@email.com;password954
Mario955;Rossi955;mario955@email.com;password955
Mario956;Rossi956;mario956@email.com;password956
Mario957;Rossi957;mario957@email.com;password957
Mario958;Rossi958;mario958@email.com;password958
Mario959;Rossi959;mario959@email.com;password959
Mario960;Rossi960;mario960@email.com;password960
Mario961;Rossi961;mario961@email.com;password961
Mario962;Rossi962;mario962@email.com;password962
Mario963;Rossi963;mario963@email.com;password963
Mario964;Rossi964;mario964@email.com;password964
Mario965;Rossi965;mario965@email.com;password965
Mario966;Rossi966;mario966@email.com;password966
Mario967;Rossi967;mario967@email.com;password967
Mario968;Rossi968;mario968@email.com;password968
Mario969;Rossi969;mario969@email.com;password969
Mario970;Rossi970;mario970@email.com;password970
Mario971;Rossi971;mario971@email.com;password971
Mario972;Rossi972;mario972@email.com;password972
Mario973;Rossi973;mario973@email.com;password973
Mario974;Rossi974;mario974@email.com;password974
Mario975;Rossi975;mario975@email.com;password975
Mario976;Rossi976;mario976@email.com;password976
Mario977;Rossi977;mario977@email.com;password977
Mario978;Rossi978;mario978@email.com;password978
Mario979;Rossi979;mario979@email.com;password979
Mario980;Rossi980;mario980@email.com;password980
Mario981;Rossi981;mario981@email.com;password981
Mario982;Rossi982;mario982@email.com;password982
Mario983;Rossi983;mario983@email.com;password983
Mario984;Rossi984;mario984@email.com;password984
Mario985;Rossi985;mario985@email.com;password985
Mario986;Rossi986;mario986@email.com;password986
Mario987;Rossi987;mario987@email.com;password987
Mario988;Rossi988;mario988@email.com;password988
Mario989;Rossi989;mario989@email.com;password989
Mario990;Rossi990;mario990@email.com;password990
Mario991;Rossi991;mario991@email.com;password991
Mario992;Rossi992;mario992@email.com;password992
Mario993;Rossi993;mario993@email.com;password993
Mario994;Rossi994;mario994@email.com;password994
Mario995;Rossi995;mario995@email.com;password995
Mario996;Rossi996;mario996@email.com;password996
Mario997;Rossi997;mario997@email.com;password997
Mario998;Rossi998;mario998@email.com;password998
Mario999;Rossi999;mario999@email.com;password999Mario999;Rossi999;mario999@email.com;password999